,acb,acd,ajb,ajd,ak,alm,angk,anm,bcc,bd,bdb,cb,ccb,ccd,cd,ch,cjb,db,df,dfsp,ha,isl,jb,jd,ks,la,lk,lm,lmm,ls,mcb,mel,mpd,pg,rd,sa,scc,sk,sl,srjd
acb,2,0,0,0,0,0,0,0,0,1,0,0,3,0,0,0,0,1,0,0,1,0,0,0,0,2,0,0,0,0,0,0,0,0,0,0,0,0,0,0
acd,0,0,0,0,0,0,0,1,0,0,0,0,0,1,0,0,0,0,0,0,0,0,0,0,0,0,0,0,0,0,0,0,0,0,0,0,0,0,0,0
ajb,23,0,0,0,4,2,1,0,0,1,2,2,7,1,1,0,1,15,0,0,1,0,0,0,0,3,0,1,1,9,3,6,23,2,1,0,0,0,0,3
ajd,10,0,0,0,2,2,2,4,0,2,2,2,5,1,1,0,1,9,0,1,1,0,0,0,0,2,0,0,1,6,2,4,11,0,2,0,0,0,0,4
ak,1,1,1,0,2,1,1,0,0,0,1,0,0,0,0,0,0,0,0,0,0,0,0,0,0,3,1,2,1,0,0,1,0,0,0,0,0,0,0,0
alm,1,1,0,0,0,0,4,0,0,0,1,0,3,0,1,0,0,0,0,0,0,0,0,0,0,0,0,1,0,0,0,1,2,0,1,0,0,0,0,0
angk,0,0,1,0,0,0,0,0,0,1,0,0,1,1,0,0,0,4,0,0,0,0,0,0,0,1,0,1,0,0,0,0,0,0,0,0,0,0,0,0
anm,1,12,0,0,0,0,0,0,0,0,0,0,0,0,0,0,0,1,0,0,2,0,0,0,0,0,0,1,0,1,0,0,0,1,1,0,0,0,0,0
bcc,10,6,0,0,2,4,3,7,1,6,0,4,0,6,1,0,1,10,6,0,5,2,0,0,0,5,1,12,3,4,1,12,1,0,0,0,0,0,0,0
bd,0,0,0,0,0,0,1,0,0,2,0,0,0,0,0,0,0,2,0,0,1,0,0,0,0,0,0,1,0,0,0,1,0,0,0,0,0,0,1,0
bdb,0,0,0,0,3,6,3,0,1,2,0,0,2,0,1,1,0,10,0,2,4,1,0,0,0,2,0,2,1,0,0,1,1,1,0,0,0,0,0,0
cb,13,4,0,0,5,10,13,6,2,5,2,1,9,1,0,3,3,28,1,12,4,10,1,0,2,6,0,7,3,9,4,8,6,5,3,0,1,0,1,4
ccb,9,1,3,1,17,4,5,3,2,2,1,0,1,1,0,1,2,10,2,10,5,3,0,0,2,4,0,1,0,0,3,7,2,2,1,2,0,0,5,0
ccd,0,0,0,0,0,0,4,0,0,0,0,0,0,0,0,0,1,0,0,0,0,0,0,0,1,0,0,0,0,0,2,1,0,0,0,0,0,0,0,0
cd,7,1,0,2,8,3,13,8,1,2,1,1,6,2,0,1,7,11,2,4,9,5,2,0,2,6,0,2,0,2,6,3,5,2,1,1,0,0,4,2
ch,0,0,0,0,0,0,0,0,0,0,0,0,0,0,0,0,0,1,0,0,0,0,0,0,0,0,0,0,0,0,0,2,0,0,0,0,0,0,0,0
cjb,3,0,1,1,5,1,3,4,0,3,0,0,0,0,0,1,0,2,0,2,1,1,1,0,0,0,2,0,0,1,1,0,2,0,1,1,0,0,1,0
db,6,6,0,0,0,7,5,2,8,9,0,1,4,5,1,3,2,12,0,6,3,1,0,2,2,8,0,3,0,14,1,19,4,5,2,3,0,0,0,4
df,1,0,0,0,1,2,4,0,4,0,0,0,0,0,0,0,1,8,0,2,0,4,0,0,0,1,0,2,2,0,5,3,5,0,0,0,0,0,1,2
dfsp,0,0,0,0,0,0,0,0,0,0,0,0,0,0,0,0,0,0,0,0,0,0,0,0,0,1,0,0,0,0,0,0,0,0,0,0,0,0,0,0
ha,1,3,0,0,2,1,0,2,0,2,0,1,1,1,0,0,1,14,0,1,2,2,0,0,0,1,0,1,1,2,1,0,2,2,0,0,0,0,0,1
isl,0,0,0,0,0,0,0,0,0,0,0,0,0,0,0,0,0,0,0,0,0,0,0,0,1,0,0,0,0,0,0,0,0,0,0,0,0,0,0,0
jb,34,7,0,0,23,23,9,2,2,4,1,2,9,6,3,3,6,61,2,24,10,18,1,1,0,4,0,6,0,5,12,13,10,9,4,3,0,2,1,7
jd,105,10,2,9,58,78,75,27,7,30,4,20,38,37,5,7,30,188,20,96,57,63,10,13,12,22,3,40,16,28,74,54,42,37,20,3,7,1,19,37
ks,0,0,0,0,0,0,0,0,0,0,0,0,0,0,0,0,0,0,0,0,0,0,0,0,0,0,0,3,0,0,0,1,0,0,0,0,0,0,0,0
la,0,0,0,0,0,0,0,0,0,3,0,0,2,1,0,0,0,1,0,0,1,0,1,0,0,0,0,3,0,0,0,3,0,0,0,0,0,0,0,0
lk,0,0,0,0,0,0,0,0,0,0,0,0,0,0,0,0,0,0,0,0,1,0,0,0,0,0,0,1,0,0,0,0,0,0,0,0,0,0,0,0
lm,2,1,0,1,4,0,4,1,0,1,0,0,0,0,0,0,1,0,0,0,0,1,0,0,0,0,0,2,0,3,0,0,1,0,1,0,0,0,0,0
lmm,2,0,0,0,0,0,0,0,0,0,1,0,0,1,0,0,0,0,0,1,0,0,0,0,0,0,0,0,0,1,0,1,0,0,0,0,0,0,0,0
ls,0,0,0,0,0,0,0,0,0,1,0,0,0,0,0,0,0,2,0,1,0,0,0,0,0,0,0,0,0,0,1,0,0,0,1,0,0,0,0,0
mcb,4,0,0,0,3,6,2,3,0,1,0,1,1,1,0,0,3,2,0,1,0,1,0,0,0,0,0,0,0,1,0,0,0,2,0,0,0,0,0,1
mel,6,0,0,0,1,1,3,1,0,1,1,1,2,1,0,0,0,5,1,0,1,0,0,1,0,2,0,3,0,1,0,6,0,0,1,0,0,0,2,0
mpd,0,0,0,0,0,0,0,0,0,0,0,0,0,0,0,0,0,1,0,0,0,0,0,0,0,0,0,1,0,0,0,0,0,0,0,0,0,0,0,0
pg,0,0,0,0,0,0,0,0,0,0,0,0,0,0,0,0,0,0,0,0,0,0,0,0,0,0,0,0,0,2,0,0,0,0,0,0,0,0,0,0
rd,0,0,0,0,0,0,0,0,0,0,0,0,0,0,0,0,0,1,0,0,1,0,0,0,0,0,0,0,0,1,0,0,1,0,0,0,0,0,0,0
sa,0,0,0,0,0,0,0,1,0,0,0,0,0,0,0,0,0,0,0,0,0,0,0,0,0,0,0,2,0,0,1,0,0,0,0,0,0,0,0,0
scc,5,5,4,0,0,2,1,0,0,5,4,0,1,1,0,0,1,7,0,0,2,0,0,0,0,0,0,19,0,1,2,9,0,0,0,1,0,0,0,0
sk,14,7,1,0,2,3,11,1,0,9,2,0,3,1,0,1,4,20,2,1,8,0,0,2,1,12,0,18,6,3,5,7,2,8,2,0,1,0,1,4
sl,2,1,0,0,1,0,1,0,1,1,0,0,1,2,0,0,0,0,0,1,1,0,0,0,0,1,0,2,0,0,0,1,0,0,0,0,0,0,0,0
srjd,0,0,0,0,0,0,0,0,0,0,0,0,2,0,0,0,0,0,0,0,0,0,1,0,2,0,0,0,0,0,0,0,0,0,0,0,0,0,0,0
